{
    "cars": {
        "bleu": {
            "bleu": 0.019790612717332557,
            "precisions": [
                0.09734660033167496,
                0.0297979797979798,
                0.011282051282051283,
                0.0046875
            ],
            "brevity_penalty": 1.0,
            "length_ratio": 6.875712656784493,
            "translation_length": 6030,
            "reference_length": 877
        },
        "rouge": {
            "rouge1": 0.13561408721305634,
            "rouge2": 0.042331834044103,
            "rougeL": 0.12602565900482732,
            "rougeLsum": 0.1259451966021611
        }
    },
    "ceremonies": {
        "bleu": {
            "bleu": 0.012673760698279963,
            "precisions": [
                0.08155650319829424,
                0.021645021645021644,
                0.007142857142857143,
                0.0020461309523809525
            ],
            "brevity_penalty": 1.0,
            "length_ratio": 6.529002320185615,
            "translation_length": 5628,
            "reference_length": 862
        },
        "rouge": {
            "rouge1": 0.11353242705583574,
            "rouge2": 0.030780610356378885,
            "rougeL": 0.10888448614523522,
            "rougeLsum": 0.10922450320734506
        }
    },
    "food": {
        "bleu": {
            "bleu": 0.013981730739900694,
            "precisions": [
                0.0971027216856892,
                0.028163992869875223,
                0.006334841628959276,
                0.0022058823529411764
            ],
            "brevity_penalty": 1.0,
            "length_ratio": 5.513068731848984,
            "translation_length": 5695,
            "reference_length": 1033
        },
        "rouge": {
            "rouge1": 0.13023799730126462,
            "rouge2": 0.03666832396540834,
            "rougeL": 0.11755583349288407,
            "rougeLsum": 0.11743415605578321
        }
    },
    "indoor": {
        "bleu": {
            "bleu": 0.014059184492874199,
            "precisions": [
                0.08901918976545842,
                0.024170274170274172,
                0.007509157509157509,
                0.002418154761904762
            ],
            "brevity_penalty": 1.0,
            "length_ratio": 6.3023516237402015,
            "translation_length": 5628,
            "reference_length": 893
        },
        "rouge": {
            "rouge1": 0.12283082945121745,
            "rouge2": 0.033945286004481004,
            "rougeL": 0.11557608912492821,
            "rougeLsum": 0.11573526300023895
        }
    },
    "ashkhas": {
        "bleu": {
            "bleu": 0.026283210336134503,
            "precisions": [
                0.09938542581211589,
                0.038680926916221034,
                0.01647058823529412,
                0.007536764705882353
            ],
            "brevity_penalty": 1.0,
            "length_ratio": 6.117078410311493,
            "translation_length": 5695,
            "reference_length": 931
        },
        "rouge": {
            "rouge1": 0.1422608182791641,
            "rouge2": 0.05592286533686153,
            "rougeL": 0.13539507955383612,
            "rougeLsum": 0.13536645027399036
        }
    },
    "sport": {
        "bleu": {
            "bleu": 0.011199105463920323,
            "precisions": [
                0.07948628948281847,
                0.021141649048625793,
                0.005724508050089445,
                0.0016351744186046512
            ],
            "brevity_penalty": 1.0,
            "length_ratio": 6.778823529411765,
            "translation_length": 5762,
            "reference_length": 850
        },
        "rouge": {
            "rouge1": 0.10896450513431283,
            "rouge2": 0.029977340011925764,
            "rougeL": 0.10376025325295585,
            "rougeLsum": 0.10392456789777871
        }
    }
}