{
    "cars": {
        "bleu": {
            "bleu": 0.02464447757708715,
            "precisions": [
                0.09933665008291874,
                0.03468013468013468,
                0.015042735042735043,
                0.007118055555555555
            ],
            "brevity_penalty": 1.0,
            "length_ratio": 6.875712656784493,
            "translation_length": 6030,
            "reference_length": 877
        },
        "rouge": {
            "rouge1": 0.13997710346050724,
            "rouge2": 0.048885464581726816,
            "rougeL": 0.1293554283611892,
            "rougeLsum": 0.12958175193990623
        }
    },
    "ceremonies": {
        "bleu": {
            "bleu": 0.012485749614655482,
            "precisions": [
                0.0824449182658138,
                0.022186147186147188,
                0.007142857142857143,
                0.0018601190476190475
            ],
            "brevity_penalty": 1.0,
            "length_ratio": 6.529002320185615,
            "translation_length": 5628,
            "reference_length": 862
        },
        "rouge": {
            "rouge1": 0.11539683068086402,
            "rouge2": 0.030704669316782146,
            "rougeL": 0.11057700705248777,
            "rougeLsum": 0.11028117721936928
        }
    },
    "food": {
        "bleu": {
            "bleu": 0.0146241861075448,
            "precisions": [
                0.10131694468832309,
                0.030837789661319073,
                0.007239819004524887,
                0.002022058823529412
            ],
            "brevity_penalty": 1.0,
            "length_ratio": 5.513068731848984,
            "translation_length": 5695,
            "reference_length": 1033
        },
        "rouge": {
            "rouge1": 0.13527420105434979,
            "rouge2": 0.03865016793390806,
            "rougeL": 0.12211537184792019,
            "rougeLsum": 0.12182813801702941
        }
    },
    "indoor": {
        "bleu": {
            "bleu": 0.014772092102205838,
            "precisions": [
                0.0904406538734897,
                0.024531024531024532,
                0.007692307692307693,
                0.0027901785714285715
            ],
            "brevity_penalty": 1.0,
            "length_ratio": 6.3023516237402015,
            "translation_length": 5628,
            "reference_length": 893
        },
        "rouge": {
            "rouge1": 0.12429834215407265,
            "rouge2": 0.03472142901376886,
            "rougeL": 0.11768564753866437,
            "rougeLsum": 0.11738359007351114
        }
    },
    "ashkhas": {
        "bleu": {
            "bleu": 0.025707574056318815,
            "precisions": [
                0.09850746268656717,
                0.0374331550802139,
                0.016108597285067874,
                0.007352941176470588
            ],
            "brevity_penalty": 1.0,
            "length_ratio": 6.117078410311493,
            "translation_length": 5695,
            "reference_length": 931
        },
        "rouge": {
            "rouge1": 0.14144138372350717,
            "rouge2": 0.05410012145438256,
            "rougeL": 0.13533886387471888,
            "rougeLsum": 0.13547803384045337
        }
    },
    "sport": {
        "bleu": {
            "bleu": 0.0112281986880277,
            "precisions": [
                0.08261020479000347,
                0.021141649048625793,
                0.006261180679785331,
                0.0014534883720930232
            ],
            "brevity_penalty": 1.0,
            "length_ratio": 6.778823529411765,
            "translation_length": 5762,
            "reference_length": 850
        },
        "rouge": {
            "rouge1": 0.11206126963508704,
            "rouge2": 0.029671962558809863,
            "rougeL": 0.10525203631096372,
            "rougeLsum": 0.10500862698001223
        }
    }
}