{
    "cars": {
        "bleu": {
            "bleu": 0.024804404297440193,
            "precisions": [
                0.09800995024875622,
                0.034006734006734006,
                0.015213675213675214,
                0.007465277777777778
            ],
            "brevity_penalty": 1.0,
            "length_ratio": 6.875712656784493,
            "translation_length": 6030,
            "reference_length": 877
        },
        "rouge": {
            "rouge1": 0.13858118601521277,
            "rouge2": 0.04615853922187278,
            "rougeL": 0.12865130035930183,
            "rougeLsum": 0.12862735723864843
        }
    },
    "ceremonies": {
        "bleu": {
            "bleu": 0.01279683636451592,
            "precisions": [
                0.08315565031982942,
                0.023088023088023088,
                0.007509157509157509,
                0.0018601190476190475
            ],
            "brevity_penalty": 1.0,
            "length_ratio": 6.529002320185615,
            "translation_length": 5628,
            "reference_length": 862
        },
        "rouge": {
            "rouge1": 0.11637824040255978,
            "rouge2": 0.03168972358922271,
            "rougeL": 0.11226050532313811,
            "rougeLsum": 0.11220919681774996
        }
    },
    "food": {
        "bleu": {
            "bleu": 0.014637382239706568,
            "precisions": [
                0.0990342405618964,
                0.029768270944741534,
                0.007058823529411765,
                0.0022058823529411764
            ],
            "brevity_penalty": 1.0,
            "length_ratio": 5.513068731848984,
            "translation_length": 5695,
            "reference_length": 1033
        },
        "rouge": {
            "rouge1": 0.13379347726757637,
            "rouge2": 0.038468478340106346,
            "rougeL": 0.12039618640216608,
            "rougeLsum": 0.1201209718626602
        }
    },
    "indoor": {
        "bleu": {
            "bleu": 0.015030119055261283,
            "precisions": [
                0.08955223880597014,
                0.024891774891774892,
                0.007692307692307693,
                0.002976190476190476
            ],
            "brevity_penalty": 1.0,
            "length_ratio": 6.3023516237402015,
            "translation_length": 5628,
            "reference_length": 893
        },
        "rouge": {
            "rouge1": 0.1242928011573417,
            "rouge2": 0.035317604245442016,
            "rougeL": 0.11696590703706863,
            "rougeLsum": 0.11675372862137201
        }
    },
    "ashkhas": {
        "bleu": {
            "bleu": 0.025310225325787212,
            "precisions": [
                0.09780509218612818,
                0.038146167557932265,
                0.01574660633484163,
                0.006985294117647059
            ],
            "brevity_penalty": 1.0,
            "length_ratio": 6.117078410311493,
            "translation_length": 5695,
            "reference_length": 931
        },
        "rouge": {
            "rouge1": 0.14085045095511745,
            "rouge2": 0.055598892905457824,
            "rougeL": 0.13519528932981462,
            "rougeLsum": 0.13544606538077883
        }
    },
    "sport": {
        "bleu": {
            "bleu": 0.010357320335723699,
            "precisions": [
                0.08278375564040263,
                0.020965468639887245,
                0.006082289803220036,
                0.0010901162790697674
            ],
            "brevity_penalty": 1.0,
            "length_ratio": 6.778823529411765,
            "translation_length": 5762,
            "reference_length": 850
        },
        "rouge": {
            "rouge1": 0.11199664703631651,
            "rouge2": 0.029596208369445903,
            "rougeL": 0.10568162912616552,
            "rougeLsum": 0.10581553155664244
        }
    }
}