{
    "cars": {
        "bleu": {
            "bleu": 0.022128306448374803,
            "precisions": [
                0.09751243781094528,
                0.032491582491582495,
                0.01282051282051282,
                0.005902777777777778
            ],
            "brevity_penalty": 1.0,
            "length_ratio": 6.875712656784493,
            "translation_length": 6030,
            "reference_length": 877
        },
        "rouge": {
            "rouge1": 0.13779017784808806,
            "rouge2": 0.04401079494878765,
            "rougeL": 0.12688001033890972,
            "rougeLsum": 0.12749989448612403
        }
    },
    "ceremonies": {
        "bleu": {
            "bleu": 0.012392145334662588,
            "precisions": [
                0.0847547974413646,
                0.023268398268398268,
                0.007142857142857143,
                0.0016741071428571428
            ],
            "brevity_penalty": 1.0,
            "length_ratio": 6.529002320185615,
            "translation_length": 5628,
            "reference_length": 862
        },
        "rouge": {
            "rouge1": 0.11765314060925688,
            "rouge2": 0.0326195837410317,
            "rougeL": 0.1125568938578265,
            "rougeLsum": 0.11238654165483314
        }
    },
    "food": {
        "bleu": {
            "bleu": 0.015435887869946222,
            "precisions": [
                0.09987604037542058,
                0.030744336569579287,
                0.00766843162315136,
                0.002410979228486647
            ],
            "brevity_penalty": 1.0,
            "length_ratio": 5.466602129719265,
            "translation_length": 5647,
            "reference_length": 1033
        },
        "rouge": {
            "rouge1": 0.13573480538698487,
            "rouge2": 0.03971957018571989,
            "rougeL": 0.12191323850621091,
            "rougeLsum": 0.12169264489858503
        }
    },
    "indoor": {
        "bleu": {
            "bleu": 0.014979226693532112,
            "precisions": [
                0.09008528784648187,
                0.025432900432900432,
                0.007875457875457875,
                0.0027901785714285715
            ],
            "brevity_penalty": 1.0,
            "length_ratio": 6.3023516237402015,
            "translation_length": 5628,
            "reference_length": 893
        },
        "rouge": {
            "rouge1": 0.12491249715833777,
            "rouge2": 0.0358558994810113,
            "rougeL": 0.11776156362404305,
            "rougeLsum": 0.11763406674597979
        }
    },
    "ashkhas": {
        "bleu": {
            "bleu": 0.026453576662058827,
            "precisions": [
                0.09727831431079895,
                0.03832442067736185,
                0.017013574660633485,
                0.007720588235294118
            ],
            "brevity_penalty": 1.0,
            "length_ratio": 6.117078410311493,
            "translation_length": 5695,
            "reference_length": 931
        },
        "rouge": {
            "rouge1": 0.1401215468854189,
            "rouge2": 0.05575158657803166,
            "rougeL": 0.1349495313886877,
            "rougeLsum": 0.13510529215372918
        }
    },
    "sport": {
        "bleu": {
            "bleu": 0.011075843202128602,
            "precisions": [
                0.08295730649080181,
                0.021141649048625793,
                0.005903398926654741,
                0.0014534883720930232
            ],
            "brevity_penalty": 1.0,
            "length_ratio": 6.778823529411765,
            "translation_length": 5762,
            "reference_length": 850
        },
        "rouge": {
            "rouge1": 0.11195871596676488,
            "rouge2": 0.029578814664785714,
            "rougeL": 0.1053632423037815,
            "rougeLsum": 0.10561189849241442
        }
    }
}