{
    "cars": {
        "bleu": {
            "bleu": 0.022422650649416377,
            "precisions": [
                0.0978441127694859,
                0.031818181818181815,
                0.012991452991452991,
                0.00625
            ],
            "brevity_penalty": 1.0,
            "length_ratio": 6.875712656784493,
            "translation_length": 6030,
            "reference_length": 877
        },
        "rouge": {
            "rouge1": 0.13723462063062064,
            "rouge2": 0.04401682592490049,
            "rougeL": 0.12716792287450668,
            "rougeLsum": 0.1272243811940266
        }
    },
    "ceremonies": {
        "bleu": {
            "bleu": 0.011819671979645886,
            "precisions": [
                0.08102345415778252,
                0.020202020202020204,
                0.00641025641025641,
                0.0018601190476190475
            ],
            "brevity_penalty": 1.0,
            "length_ratio": 6.529002320185615,
            "translation_length": 5628,
            "reference_length": 862
        },
        "rouge": {
            "rouge1": 0.1130145297164348,
            "rouge2": 0.029843040557609266,
            "rougeL": 0.10836866236563408,
            "rougeLsum": 0.10853657523084893
        }
    },
    "food": {
        "bleu": {
            "bleu": 0.01544640436987118,
            "precisions": [
                0.09868305531167691,
                0.031016042780748664,
                0.007782805429864253,
                0.0023897058823529414
            ],
            "brevity_penalty": 1.0,
            "length_ratio": 5.513068731848984,
            "translation_length": 5695,
            "reference_length": 1033
        },
        "rouge": {
            "rouge1": 0.1343246743857856,
            "rouge2": 0.03983803802562534,
            "rougeL": 0.12093557060688762,
            "rougeLsum": 0.12075621852748396
        }
    },
    "indoor": {
        "bleu": {
            "bleu": 0.014886162879847589,
            "precisions": [
                0.08866382373845061,
                0.023629148629148628,
                0.007875457875457875,
                0.002976190476190476
            ],
            "brevity_penalty": 1.0,
            "length_ratio": 6.3023516237402015,
            "translation_length": 5628,
            "reference_length": 893
        },
        "rouge": {
            "rouge1": 0.12282194108373798,
            "rouge2": 0.03344632912095624,
            "rougeL": 0.11651002601969776,
            "rougeLsum": 0.11602162747551005
        }
    },
    "ashkhas": {
        "bleu": {
            "bleu": 0.024600647852263378,
            "precisions": [
                0.09692712906057946,
                0.036541889483065956,
                0.015203619909502263,
                0.006801470588235294
            ],
            "brevity_penalty": 1.0,
            "length_ratio": 6.117078410311493,
            "translation_length": 5695,
            "reference_length": 931
        },
        "rouge": {
            "rouge1": 0.1377229742612573,
            "rouge2": 0.05327106923120124,
            "rougeL": 0.13199436039338663,
            "rougeLsum": 0.13207058339818933
        }
    },
    "sport": {
        "bleu": {
            "bleu": 0.01086988452104135,
            "precisions": [
                0.08261020479000347,
                0.020965468639887245,
                0.00554561717352415,
                0.0014534883720930232
            ],
            "brevity_penalty": 1.0,
            "length_ratio": 6.778823529411765,
            "translation_length": 5762,
            "reference_length": 850
        },
        "rouge": {
            "rouge1": 0.1113452605984097,
            "rouge2": 0.029802625904718577,
            "rougeL": 0.10537243496321635,
            "rougeLsum": 0.10553429736047007
        }
    }
}