{
    "cars": {
        "bleu": {
            "bleu": 0.018202595229497125,
            "precisions": [
                0.09618573797678276,
                0.02962962962962963,
                0.010085470085470085,
                0.0038194444444444443
            ],
            "brevity_penalty": 1.0,
            "length_ratio": 6.875712656784493,
            "translation_length": 6030,
            "reference_length": 877
        },
        "rouge": {
            "rouge1": 0.1347934816389582,
            "rouge2": 0.03987493532169155,
            "rougeL": 0.12424624888347158,
            "rougeLsum": 0.12457870700888951
        }
    },
    "ceremonies": {
        "bleu": {
            "bleu": 0.012537860410330188,
            "precisions": [
                0.08173418621179815,
                0.022186147186147188,
                0.007326007326007326,
                0.0018601190476190475
            ],
            "brevity_penalty": 1.0,
            "length_ratio": 6.529002320185615,
            "translation_length": 5628,
            "reference_length": 862
        },
        "rouge": {
            "rouge1": 0.11406351052828073,
            "rouge2": 0.030191121623424938,
            "rougeL": 0.1094942387451558,
            "rougeLsum": 0.10954538064336712
        }
    },
    "food": {
        "bleu": {
            "bleu": 0.012118294342843916,
            "precisions": [
                0.0971027216856892,
                0.026916221033868093,
                0.005610859728506787,
                0.0014705882352941176
            ],
            "brevity_penalty": 1.0,
            "length_ratio": 5.513068731848984,
            "translation_length": 5695,
            "reference_length": 1033
        },
        "rouge": {
            "rouge1": 0.13056226936735638,
            "rouge2": 0.035112898149212424,
            "rougeL": 0.11693056364629473,
            "rougeLsum": 0.11702404067770897
        }
    },
    "indoor": {
        "bleu": {
            "bleu": 0.015260736882355385,
            "precisions": [
                0.08955223880597014,
                0.025252525252525252,
                0.00805860805860806,
                0.002976190476190476
            ],
            "brevity_penalty": 1.0,
            "length_ratio": 6.3023516237402015,
            "translation_length": 5628,
            "reference_length": 893
        },
        "rouge": {
            "rouge1": 0.12457776397646021,
            "rouge2": 0.03595648675644917,
            "rougeL": 0.11766850806590023,
            "rougeLsum": 0.11790313779974114
        }
    },
    "ashkhas": {
        "bleu": {
            "bleu": 0.02414934080048805,
            "precisions": [
                0.09569798068481124,
                0.036185383244206774,
                0.014841628959276019,
                0.006617647058823529
            ],
            "brevity_penalty": 1.0,
            "length_ratio": 6.117078410311493,
            "translation_length": 5695,
            "reference_length": 931
        },
        "rouge": {
            "rouge1": 0.13722494639345512,
            "rouge2": 0.05225807999401695,
            "rougeL": 0.13152609114610825,
            "rougeLsum": 0.13157536516394613
        }
    },
    "sport": {
        "bleu": {
            "bleu": 0.011437035495304901,
            "precisions": [
                0.08070114543561263,
                0.02131782945736434,
                0.006082289803220036,
                0.0016351744186046512
            ],
            "brevity_penalty": 1.0,
            "length_ratio": 6.778823529411765,
            "translation_length": 5762,
            "reference_length": 850
        },
        "rouge": {
            "rouge1": 0.11090045774850767,
            "rouge2": 0.030396109033101193,
            "rougeL": 0.10504234144361452,
            "rougeLsum": 0.104799027833134
        }
    }
}